1,-2.138844406115819,53.43268924496154
2,-2.1388604733961123,53.43269155427542
3,-2.138862204436092,53.432691597201945
4,-2.138863738635745,53.4326912808171
5,-2.1388648507253767,53.432690758188016
6,-2.1388659155477594,53.43268958844091
7,-2.1389025791078553,53.43260161109079
8,-2.1389029571972813,53.432597556829975
9,-2.1389029461572857,53.43259417716112
10,-2.1389021689736736,53.432591247810606
11,-2.1389006572464164,53.43258922715583
12,-2.138898018851354,53.432587872963694
13,-2.1388964957432455,53.43258697588651
14,-2.1388916749233107,53.43258562423659
15,-2.1388496329023714,53.432579839657684
16,-2.138849304534776,53.43258068496051
17,-2.1387986464581927,53.43257283405014
18,-2.138849275723778,53.43258108048873
19,-2.138795197708219,53.432572217857306
20,-2.138849337278721,53.432581493888755
21,-2.138791656861497,53.43257105347215
22,-2.138849473942944,53.4325818622587
23,-2.138787162215143,53.432568182379285
24,-2.138849701149215,53.43258230243135
25,-2.1387786719020094,53.432563140716404
26,-2.1388500788969105,53.4325827514172
27,-2.138728227190531,53.432606838662224
28,-2.1386702964358695,53.432501174148356
29,-2.138850441564055,53.4325831914321
30,-2.138714087826308,53.432618773884045
31,-2.138745297691704,53.43261678706216
32,-2.1386413294625157,53.4324847498634
33,-2.1388514838835984,53.43258434973673
34,-2.138658502630793,53.432623135049965
35,-2.138745660328729,53.432617218088915
36,-2.138580362624931,53.432521134342146
37,-2.1385537500858116,53.43243508225991
38,-2.1388526611650995,53.43258535507939
39,-2.1387460387501958,53.43261787381014
40,-2.1385762225503937,53.43251852349615
41,-2.138561730086811,53.432532957917715
42,-2.138492771150566,53.43240074506957
43,-2.1385559127074174,53.43243362360727
44,-2.1388529479598817,53.43258560642383
45,-2.1387464027950154,53.43261873628396
46,-2.138574307300566,53.432517375192205
47,-2.138537917151744,53.43256934413322
48,-2.1384465850699077,53.432374866841776
49,-2.1385564064959612,53.43243273317041
50,-2.138853475720748,53.43258590243019
51,-2.1387464098632294,53.43262090250787
52,-2.138571551322853,53.432516884026974
53,-2.1384398151712594,53.43237120738835
54,-2.1384395991394873,53.432378820911765
55,-2.1385561472581816,53.43243169979241
56,-2.1388545908896615,53.4325863235917
57,-2.1387453167845276,53.432622638563295
58,-2.138568812007398,53.43251688721062
59,-2.1384097478874295,53.43235424501363
60,-2.138438742161217,53.43237910953929
61,-2.138555903540181,53.432430810212615
62,-2.1388556754572003,53.43258659198407
63,-2.138735178413234,53.43262914905702
64,-2.1385671714283623,53.4325168891173
65,-2.138403701005096,53.4323507555006
66,-2.138323211355541,53.432407530485676
67,-2.138437689284071,53.432379326486185
68,-2.138555148580883,53.43243007403169
69,-2.138856880228957,53.432586797316844
70,-2.138718824807372,53.43265901894333
71,-2.138564148278593,53.43251754879233
72,-2.138327388348381,53.43231276870984
73,-2.1383267909559103,53.4324437500496
74,-2.1383267909559103,53.4324437500496
75,-2.138435056505901,53.432379689083696
76,-2.1385529306724385,53.43242842272223
77,-2.1388625424186047,53.432587689573985
78,-2.138552098579623,53.43252411542301
79,-2.138302041501758,53.43229867715621
80,-2.1384336127381345,53.43238004131211
81,-2.1385447879384993,53.43242379411044
82,-2.1388700860096086,53.43258857963954
83,-2.1384926464442104,53.4325334426658
84,-2.1382958320557632,53.43229610465485
85,-2.1384322147675183,53.43238059123471
86,-2.13852901550338,53.43241493178377
87,-2.1388746186545378,53.43258925748736
88,-2.138282977210151,53.43229112195009
89,-2.138431042827263,53.432381221791466
90,-2.1385257416445964,53.43241255363093
91,-2.1388762599995967,53.43258948927696
92,-2.1382699758022734,53.43228735286348
93,-2.1385253184848523,53.432412023800175
94,-2.13887675701242,53.43258958757172
95,-2.1382626079510816,53.43228494349708
96,-2.1385253611200565,53.43241125073832
97,-2.138877269164525,53.43258971281439
98,-2.1382576962650677,53.432283403168086
99,-2.13852564615482,53.43241096277467
100,-2.138878399443695,53.432590151935095
101,-2.1382510513064408,53.43228112779043
102,-2.1385718099161077,53.43237454159745
103,-2.138881806154556,53.4325917209571
104,-2.138246763028539,53.432281528257484
105,-2.1382467565410543,53.43227953281455
106,-2.1385727971103505,53.43237264387334
107,-2.1382415259759795,53.432281759042645
108,-2.1382445254715368,53.432278456779606
109,-2.1385747260522594,53.432368758592744
110,-2.1382354767190956,53.43228216155108
111,-2.1381686101682926,53.43222834391881
112,-2.1386833261244313,53.432282836942036
113,-2.138226374279938,53.43228324173756
114,-2.138160452229621,53.43222364339019
115,-2.138784739264664,53.43220857267339
116,-2.138214896570975,53.43228518757437
117,-2.1381490217775587,53.432230865424614
118,-2.138198243276223,53.432199762048995
119,-2.1387959329811537,53.43220263621137
120,-2.138207016279052,53.43228719215971
121,-2.138146250509373,53.43223029337061
122,-2.138143464294449,53.43223438637348
123,-2.1382672346347236,53.43215717537026
124,-2.1388046347597482,53.43219870708842
125,-2.1381962503810574,53.432290494435485
126,-2.1381437511535886,53.43223002661105
127,-2.1381173139013256,53.432250901607205
128,-2.1382981925661695,53.432137984937874
129,-2.1388127077955,53.43219582136465
130,-2.138184778598358,53.432294264931166
131,-2.138141960249945,53.43223008261713
132,-2.1380765970363265,53.43222664382144
133,-2.1380430984045957,53.43229779075755
134,-2.13830664645656,53.43213187192936
135,-2.1388397347001455,53.43218970467048
136,-2.1381747232825026,53.43229854612962
137,-2.138139282558822,53.43223051716832
138,-2.1380732335820603,53.43222447249577
139,-2.137987416074395,53.43233240706716
140,-2.138316498045162,53.432125128102676
141,-2.1388607853912798,53.43218791840659
142,-2.1381596382844315,53.43230666226318
143,-2.1381363353205276,53.43223137449195
144,-2.1380706067554893,53.432222030661514
145,-2.1379499985623576,53.432355514896486
146,-2.138324934832587,53.43211838591658
147,-2.1388643981171085,53.43218805801522
148,-2.1380925544205125,53.43234812310483
149,-2.1381340208992006,53.43223243781824
150,-2.1380691397228215,53.43221985713958
151,-2.137912626046528,53.432378586707884
152,-2.1378961736168547,53.4323224365046
153,-2.138333366104983,53.43210995389532
154,-2.1388651977022946,53.43218863234898
155,-2.1380778484694027,53.43235710168646
156,-2.138131873441216,53.43223393239977
157,-2.138068255480613,53.43221637960801
158,-2.137814345961947,53.432440253701714
159,-2.1378926606440967,53.43232057095633
160,-2.1383354800998564,53.43210742566963
161,-2.1388658783466314,53.43218965624703
162,-2.1382054189009208,53.43243014736083
163,-2.138022254296223,53.43239107073673
164,-2.1381302680265164,53.4322354892729
165,-2.138067624684496,53.43221215573612
166,-2.137779947604151,53.43246152433032
167,-2.137889975045713,53.43231856962335
168,-2.1383481974094263,53.432093280966754
169,-2.1388663070562104,53.43219188489962
170,-2.1382292902836677,53.43244408784052
171,-2.1379507008433802,53.43243744440134
172,-2.138129294377704,53.43223692856339
173,-2.138066455580247,53.43220902908651
174,-2.1377397841781587,53.43248731384384
175,-2.1377349937555885,53.43243492532269
176,-2.1378891441739456,53.43231762679016
177,-2.138352880337115,53.4320846555461
178,-2.138281725172829,53.43247076787116
179,-2.1379386551253523,53.432445260369214
180,-2.137977554843484,53.43245217246963
181,-2.138128938348904,53.432238528931634
182,-2.1380639611211576,53.43220563431614
183,-2.1377335952936383,53.43249108718134
184,-2.1377304534590063,53.43243187447244
185,-2.137888098476859,53.432315416824714
186,-2.138355372510037,53.43207809103757
187,-2.137891434172263,53.43247611863274
188,-2.1380855109852295,53.4325151378769
189,-2.138129033151916,53.43223991305323
190,-2.138060445173983,53.43220285194763
191,-2.137709200216075,53.43250594641028
192,-2.1377301289815294,53.43248968897722
193,-2.1377271010687573,53.43242847169773
194,-2.137886228565095,53.43230967532587
195,-2.1383566172602255,53.432072085264515
196,-2.137806783415328,53.4325310284694
197,-2.138106607644551,53.432527445684684
198,-2.1380738251850877,53.43252254895829
199,-2.1381298362319536,53.4322415660097
200,-2.1380560716079753,53.432200160457214
201,-2.137699481604436,53.43251197994007
202,-2.137727794448194,53.43248919730568
203,-2.137725119876858,53.432425543730325
204,-2.137885525167378,53.432306269491974
205,-2.1383556446546588,53.432064589970906
206,-2.137843570760148,53.43255024833206
207,-2.1377849898379457,53.43254515663709
208,-2.1381766006650644,53.43254279786969
209,-2.13807244429938,53.43252372805291
210,-2.1381334294862233,53.432244977482675
211,-2.138049195304239,53.43219615954117
212,-2.137725461254117,53.432489119104225
213,-2.1377243291958674,53.432423072801974
214,-2.137884012828085,53.43230404208913
215,-2.138351837358717,53.432050904879176
216,-2.13795841690793,53.43261676533921
217,-2.1377462713973725,53.43257098942509
218,-2.138071770527522,53.43252481644348
219,-2.1381393454560462,53.432249878358064
220,-2.138030301008114,53.43218530531256
221,-2.13772299417156,53.432489526437216
222,-2.137723318716717,53.43241778872222
223,-2.1378806579582723,53.43229987529768
224,-2.1383451927635853,53.432039479197066
225,-2.1380263513223587,53.432623868537235
226,-2.137732423972122,53.4325802006733
227,-2.1380716832265816,53.432525742361655
228,-2.138028687538732,53.43218438136333
229,-2.137719987400948,53.43249059954366
230,-2.1377219357577926,53.4324136825682
231,-2.1378785595880894,53.43229794519349
232,-2.1383395242155903,53.432031980363526
233,-2.1378675558374103,53.43265033468027
234,-2.1377210997583784,53.43258774613007
235,-2.1380724551859043,53.43252708075645
236,-2.1380278585338224,53.43218401379392
237,-2.137717522705393,53.43249174393201
238,-2.137720316405814,53.43241094294156
239,-2.137876674352605,53.432296760889564
240,-2.138334482556788,53.432027491955196
241,-2.1378864797306525,53.432660982163775
242,-2.138074100114193,53.432528418140286
243,-2.138026804317282,53.43218381726701
244,-2.137716021546962,53.43249296810402
245,-2.137717749734302,53.43240848305309
246,-2.137854386185168,53.432283636463524
247,-2.1383222016197823,53.43201846375641
248,-2.137966263075747,53.43265989214365
249,-2.137966263075747,53.43265989214365
250,-2.1380771312404985,53.432530212333084
251,-2.138025750859332,53.432183854440616
252,-2.1377154834308443,53.43249411925552
253,-2.1377128181120053,53.43240543265418
254,-2.1378476911702613,53.432279842062194
255,-2.1382682205861157,53.43204380207666
256,-2.138314069654799,53.432012486838744
257,-2.138088455583193,53.43253663499485
258,-2.1380246377947585,53.432184080442056
259,-2.137715353006463,53.43249567441929
260,-2.137693697139164,53.43239429999055
261,-2.137845913115766,53.43227921492183
262,-2.1382606459501057,53.432047217508185
263,-2.13828210598287,53.43199081664857
264,-2.1381165126749058,53.43257882155198
265,-2.138022578293604,53.43218484685004
266,-2.137715900409058,53.432497390593426
267,-2.137689083369598,53.43239179752301
268,-2.1378790683744495,53.432255258144885
269,-2.137844136692084,53.43227910012493
270,-2.1382575664825096,53.43204906372494
271,-2.1382326066833133,53.43201508012144
272,-2.1382713659684445,53.43198353941795
273,-2.1380206850976173,53.43218584676689
274,-2.1377172745493684,53.43249877323753
275,-2.137686702233438,53.432390856478705
276,-2.1379046589012036,53.432228514680226
277,-2.1378420443851835,53.43227903962428
278,-2.1382550316276654,53.43205176321911
279,-2.138228773789886,53.43201665755547
280,-2.1382322982181443,53.43195723039008
281,-2.138014483214497,53.43219023135325
282,-2.137723864112406,53.432502531813775
283,-2.1376848951071032,53.432390552956065
284,-2.1378401634055715,53.432279167638136
285,-2.1382525177851917,53.432056296346104
286,-2.1382253454910827,53.43201768622091
287,-2.1382147856042217,53.43194543079414
288,-2.1382429072950844,53.43195201373876
289,-2.1379647173987832,53.43218350262065
290,-2.137732369922229,53.43250775330402
291,-2.137693002639292,53.43238434151761
292,-2.1376832694675936,53.43239051887929
293,-2.1378383887743,53.43227960113852
294,-2.138250273253308,53.43206033479239
295,-2.138220110662111,53.43201859114127
296,-2.138207166453285,53.43193977686122
297,-2.138290631731536,53.43193275892344
298,-2.1376967260944935,53.432381487858095
299,-2.1376821410686717,53.432390655010074
300,-2.1378365090183795,53.43228010666853
301,-2.138247467975692,53.432063187404715
302,-2.138196219899735,53.43202177380423
303,-2.138155424573721,53.431903819844166
304,-2.1382991322554155,53.43192711326396
305,-2.1377035671437747,53.43237692727413
306,-2.137680953221879,53.432391024910885
307,-2.1378278555209977,53.43228503339028
308,-2.1382434753031774,53.43206654475062
309,-2.13819173751832,53.432022641897134
310,-2.1381515029274754,53.43190116365659
311,-2.1383018049852685,53.43192515965571
312,-2.137717394683601,53.43236856546659
313,-2.1376789394249682,53.43239197103045
314,-2.137784483244482,53.43230056174442
315,-2.138238533480319,53.43206961556441
316,-2.1381885645595196,53.43202350847226
317,-2.138143672425369,53.43190465141632
318,-2.13807967172208,53.431852511263195
319,-2.1383029753362504,53.43192404372213
320,-2.1377394463843484,53.432336567843976
321,-2.137672195257249,53.432396239374356
322,-2.1382324038236113,53.43207305628428
323,-2.138185001062987,53.43202461818982
324,-2.1381048124524455,53.43192373411215
325,-2.138046181053544,53.43182865856842
326,-2.138303905295051,53.43192306289514
327,-2.137649285144824,53.4323816145464
328,-2.138228873114278,53.4320749929086
329,-2.138181709243891,53.43202596129386
330,-2.1380909865140203,53.43193020388079
331,-2.137939743361049,53.43188060954233
332,-2.1379823509622775,53.43178235125103
333,-2.1383047142037217,53.431921875472675
334,-2.1382125552773554,53.43208349698469
335,-2.1381545397993125,53.43203916095503
336,-2.138061307440603,53.431944592911755
337,-2.137903609487002,53.43190492932364
338,-2.1379038964423667,53.431821695332175
339,-2.137970748505079,53.431773933910804
340,-2.1383051776265445,53.43192090417537
341,-2.1382055958524444,53.432086336434516
342,-2.1380846881159283,53.43204853599984
343,-2.1380369780951765,53.43195638704914
344,-2.1380711269936405,53.43195116113445
345,-2.1378641952456396,53.4318412912684
346,-2.1379608365740532,53.431766709624874
347,-2.1383054006723,53.43192006798464
348,-2.1382029795144586,53.432087121468136
349,-2.1379941194795427,53.43196774421434
350,-2.1380720486643363,53.43195225666607
351,-2.1378604231699185,53.43184305737918
352,-2.1379527698104415,53.43176224267769
353,-2.138305398187334,53.431919303963646
354,-2.138200858487435,53.43208748346732
355,-2.1380729707144974,53.431953469047954
356,-2.137859026141999,53.43184389492652
357,-2.137941360841265,53.43175750095279
358,-2.1383052907840834,53.43191867489211
359,-2.138199248231462,53.43208754825342
360,-2.1380731851932744,53.43195462831815
361,-2.1378581854453897,53.4318445610488
362,-2.1379339319053297,53.431754786027085
363,-2.138304927280426,53.43191797420953
364,-2.138198435271226,53.4320874862761
365,-2.138072767705771,53.43195584225129
366,-2.137857902187459,53.43184539730831
367,-2.137921954853842,53.43175123144169
368,-2.1383042326846264,53.43191728289951
369,-2.1381975306610315,53.43208701093329
370,-2.1380714483556713,53.43195742575801
371,-2.137857905451185,53.43184640401836
372,-2.13790913935507,53.43174903509089
373,-2.1382996459925905,53.431913845618276
374,-2.138196308401734,53.43208605057881
375,-2.1380690152324315,53.43195901055444
376,-2.1378581954988505,53.43184766207526
377,-2.1378943103291044,53.431747856769825
378,-2.138265079855732,53.43188794485085
379,-2.1383208259833695,53.43191482776239
380,-2.1381915524582755,53.432081480936695
381,-2.1380520356312824,53.43196765919138
382,-2.1378587559099325,53.431848749037734
383,-2.1378834881691984,53.43174769850405
384,-2.138231466354698,53.431863382257774
385,-2.138448898183218,53.43192961802694
386,-2.1383347359185323,53.43192494168189
387,-2.138160030822169,53.43207541426532
388,-2.1380394183442157,53.432012634356916
389,-2.1378596011817166,53.431849494107226
390,-2.137870667560314,53.43174856723907
391,-2.1382299768342676,53.43186228541017
392,-2.138495888118386,53.43193442624006
393,-2.138408754686755,53.43197974864652
394,-2.137861425901704,53.4318505885963
395,-2.1378524491803854,53.43175114104342
396,-2.138278907737642,53.43184042450626
397,-2.138202680134549,53.43184218475331
398,-2.1385005714610403,53.43193518482369
399,-2.138414155874658,53.431983715300404
400,-2.137868165332883,53.43185417620986
401,-2.1378393486628284,53.431753879710115
402,-2.138283492049842,53.43183850463541
403,-2.138189118400679,53.43183268163385
404,-2.1385039579311695,53.4319351808898
405,-2.1384166146582597,53.43198539329844
406,-2.1378734492633824,53.43188698717211
407,-2.1378276818262574,53.43175780320222
408,-2.138286243274195,53.43183754866174
409,-2.1381500101958375,53.43180312777102
410,-2.13819305374373,53.43183021421916
411,-2.1385073577834603,53.43193466459486
412,-2.1384187544744946,53.43198618180365
413,-2.137816874506156,53.43176222905655
414,-2.1382881981138127,53.43183699809493
415,-2.1380928175472795,53.43176175696649
416,-2.138193999879041,53.43182957493787
417,-2.138519668840431,53.4319298324479
418,-2.1384225508660157,53.43198726500661
419,-2.1378045970009913,53.43176813072583
420,-2.1382915221215386,53.43183630212376
421,-2.1380807638444734,53.4317531419511
422,-2.1381945400770874,53.43182907095484
423,-2.138522207507022,53.431928310439226
424,-2.1384659381862887,53.43199963675597
425,-2.1377841449111417,53.43177809566184
426,-2.1377841449111417,53.43177809566184
427,-2.1383026376649066,53.431834105021025
428,-2.1380777313723978,53.43175091631099
429,-2.1381949592249403,53.431828369364744
430,-2.138523902469661,53.431926528743794
431,-2.1384820836024296,53.43200291678986
432,-2.1377161805538205,53.43181243840874
433,-2.1377161805538205,53.43181243840874
434,-2.1383151378645526,53.431831897322404
435,-2.138076327580532,53.43174966853294
436,-2.1381950625075077,53.43182773106038
437,-2.1385243173087236,53.43192450584569
438,-2.138487610628169,53.43200392607249
439,-2.1376198152055594,53.431860844976015
440,-2.1376198152055594,53.431860844976015
441,-2.138322132313016,53.43183058587321
442,-2.138075390804832,53.43174855504178
443,-2.1381950602290094,53.431827029958754
444,-2.1385234670167974,53.4319222237505
445,-2.1384978160276775,53.43200416589668
446,-2.137550436519916,53.431895413973386
447,-2.137550436519916,53.431895413973386
448,-2.1383285391310745,53.431829077357975
449,-2.1380749210744416,53.43174758482599
450,-2.138194847237349,53.43182632910137
451,-2.1385141013600624,53.431916401084436
452,-2.138506742092062,53.43200440720617
453,-2.1375299420927854,53.43190628675456
454,-2.1375299420927854,53.43190628675456
455,-2.1383343579385703,53.431827254926596
456,-2.138074675269032,53.43174604807436
457,-2.1381945297070373,53.43182588004359
458,-2.1385206113229205,53.431877248533404
459,-2.1385165052446418,53.43200287680485
460,-2.1374692700486344,53.431938454715706
461,-2.1374692700486344,53.431938454715706
462,-2.1375679788011372,53.43193040400385
463,-2.138343407229193,53.43182374789403
464,-2.138074911588964,53.431744663569155
465,-2.138194092411862,53.43182562887199
466,-2.1385245626555163,53.431999820336785
467,-2.1374018665992227,53.43197419884432
468,-2.1374018665992227,53.43197419884432
469,-2.1374601605441668,53.43193267661434
470,-2.137573859471158,53.43193373195787
471,-2.1383493585108737,53.43182100847954
472,-2.1380755998448118,53.431743404379816
473,-2.138193564606576,53.431825314885685
474,-2.138562757770499,53.43198228430205
475,-2.137376863302009,53.431987090222734
476,-2.137376863302009,53.431987090222734
477,-2.1375772063719745,53.43193545389098
478,-2.138353023570075,53.43181873912056
479,-2.1380765285065775,53.43174201907282
480,-2.1381927058558907,53.43182505521406
481,-2.1385640246078803,53.431980754782046
482,-2.137323971687564,53.43201436838032
483,-2.137323971687564,53.43201436838032
484,-2.137482168516765,53.43205475123883
485,-2.137579813041368,53.43193633175765
486,-2.13835463024774,53.43181757773756
487,-2.1380783912003003,53.43174090233962
488,-2.138191109433914,53.43182474246633
489,-2.138564441085779,53.43197923523881
490,-2.137247486434959,53.43205299021773
491,-2.137247486434959,53.43205299021773
492,-2.137487750298389,53.43205873570333
493,-2.137445282523548,53.432083988466
494,-2.137584000645387,53.43193738757028
495,-2.138355425256824,53.43181674987151
496,-2.138082582727823,53.43173853350553
497,-2.138189076505507,53.43182442123599
498,-2.1385635916107106,53.43197720482143
499,-2.137198580887005,53.43207488859841
500,-2.137198580887005,53.43207488859841
501,-2.137490103721772,53.4320604228304
502,-2.1374677706873664,53.43210317998621
503,-2.1375905969008553,53.431938593407914
504,-2.1383557694396775,53.431816138253005
505,-2.1381853137421065,53.43169010120885
506,-2.1381876909861504,53.431824171163385
507,-2.138561025502495,53.43197492472055
508,-2.1371904360474603,53.43207887089462
509,-2.1371904360474603,53.43207887089462
510,-2.137491957148324,53.43206108584324
511,-2.1375951607798753,53.431939648785935
512,-2.1383559923084228,53.431815248131265
513,-2.1382387494161934,53.43172861797746
514,-2.1382011231800213,53.43168266735861
515,-2.1381865160055926,53.43182385792714
516,-2.1371684659749404,53.43208960149507
517,-2.1371684659749404,53.43208960149507
518,-2.137239511748838,53.4321096899663
519,-2.137493929326483,53.432061236373684
520,-2.1375979487888053,53.43194075115585
521,-2.138355869678282,53.43181456514635
522,-2.138309371669237,53.431715700472424
523,-2.13820962892453,53.43167863963217
524,-2.138185672101452,53.43182353531864
525,-2.1371516325902853,53.43209699144329
526,-2.1371516325902853,53.43209699144329
527,-2.1372690396035434,53.43212759705115
528,-2.137495659467586,53.43206100966556
529,-2.1375999989507637,53.43194174651506
530,-2.138353686960666,53.431809839719634
531,-2.138210695171184,53.43167791032633
532,-2.138185128836383,53.43182309551099
533,-2.137128123524272,53.432106555299576
534,-2.137128123524272,53.432106555299576
535,-2.137291152657751,53.43214250151435
536,-2.137497389143634,53.4320606391417
537,-2.1376059707742803,53.431945335029255
538,-2.138371626731302,53.43182340054893
539,-2.138369721514165,53.43176057303103
540,-2.1382115061077975,53.43167735209824
541,-2.138184916253838,53.431822520492325
542,-2.1371109554090797,53.4321128310511
543,-2.1371109554090797,53.4321128310511
544,-2.1373002784682313,53.432148666115815
545,-2.1375017171532855,53.43205856679178
546,-2.1376526657425683,53.43197528479362
547,-2.1383922037917733,53.431838000982246
548,-2.1382119103782857,53.431676704456436
549,-2.1381851244841803,53.431821756227116
550,-2.1370614739142084,53.432128860536935
551,-2.1370614739142084,53.432128860536935
552,-2.137303474951425,53.4321504151953
553,-2.13726057730597,53.43217311564842
554,-2.1375057885975535,53.4320562790132
555,-2.1376549283381396,53.43197681022906
556,-2.138475282825123,53.43182337009025
557,-2.138212178957058,53.43167598506377
558,-2.138185664857488,53.431821306175
559,-2.1370253424239185,53.432140128723766
560,-2.1370253424239185,53.432140128723766
561,-2.1373049061657947,53.432150836007324
562,-2.1372874484293285,53.432193272916
563,-2.137557931530338,53.43205813341891
564,-2.137656137073304,53.43197824699605
565,-2.1382120413955996,53.431675338050056
566,-2.138186941704413,53.431820540671254
567,-2.137017328236218,53.4321426277529
568,-2.137017328236218,53.4321426277529
569,-2.1370600342005166,53.43216782740725
570,-2.1373072399501027,53.43215110297511
571,-2.137656594422741,53.431980044171205
572,-2.1382117683761663,53.431674691193365
573,-2.137015403497191,53.43214318725281
574,-2.137015403497191,53.43214318725281
575,-2.1370640796481326,53.432171472093984
576,-2.137308669800365,53.43215110132846
577,-2.1376565996603967,53.43198166209802
578,-2.1382083728703094,53.43167190868936
579,-2.136963194794279,53.432158320980356
580,-2.136963194794279,53.432158320980356
581,-2.1370180602157447,53.43214558413335
582,-2.1370667076308316,53.43217429146669
583,-2.137310385272376,53.43215099149062
584,-2.137656154095625,53.43198350525822
585,-2.138264125819008,53.43164544477494
586,-2.1382008131839982,53.4316660119969
587,-2.1369263678070816,53.43216862816495
588,-2.1369263678070816,53.43216862816495
589,-2.1370192066446325,53.43214637380521
590,-2.1370686435836164,53.4321772105086
591,-2.137311723452104,53.43215056748924
592,-2.137654729779568,53.431985214720704
593,-2.1382673417672127,53.43164392198621
594,-2.1381639382607722,53.431638181344375
595,-2.1368512481844357,53.43218749142183
596,-2.1369174550766807,53.432170866240284
597,-2.1370202167741192,53.43214690296676
598,-2.1370832136097673,53.43220539073068
599,-2.137319598623191,53.432146972001554
600,-2.1376523274104566,53.43198700620901
601,-2.1382691459433065,53.431643326651816
602,-2.138271052421345,53.431586247360634
603,-2.138120199915053,53.43160563966032
604,-2.1367837958404086,53.432203640292066
605,-2.1367837958404086,53.432203640292066
606,-2.1369174550766807,53.432170866240284
607,-2.1369840774161,53.432267866993534
608,-2.1369840774161,53.432267866993534
609,-2.137021798119585,53.43214720675893
610,-2.137090419969664,53.432218424780864
611,-2.137392660708022,53.43214820914197
612,-2.137650448945484,53.43198790722935
613,-2.1382708005750986,53.43164302811188
614,-2.1382937653566305,53.4315449367609
615,-2.138076844707843,53.431575191840764
616,-2.136805605216564,53.43223647728167
617,-2.136740028836182,53.43221352393218
618,-2.136740028836182,53.43221352393218
619,-2.136986745547107,53.432292492460256
620,-2.137022746075319,53.432147124772854
621,-2.1370949842325135,53.43222426206774
622,-2.1376417301320507,53.431991243045964
623,-2.138272199984997,53.43164292761526
624,-2.1380955974622835,53.431565714202385
625,-2.138064580611889,53.43156665796381
626,-2.1368343169754316,53.43228144084138
627,-2.1370237684463413,53.432146782034266
628,-2.1370984881972777,53.43222801523809
629,-2.1376179901697414,53.43201312153228
630,-2.1382744124636597,53.43164292504937
631,-2.1380998485911955,53.43156316552823
632,-2.1380618348496334,53.43156465670413
633,-2.1368427880278733,53.43229461727108
634,-2.1370243991423683,53.43214633188366
635,-2.1371049772911745,53.43223331998882
636,-2.138279651395873,53.431643296491124
637,-2.1381022803478897,53.43156116726086
638,-2.1380603117665475,53.43156375062762
639,-2.136896554665798,53.432328550113255
640,-2.137024653069634,53.43214572936127
641,-2.1371186455440747,53.43224321860283
642,-2.1382832794460467,53.43164353497324
643,-2.1381053111897663,53.43155826045928
644,-2.1380584876957673,53.431562853888146
645,-2.137024515640539,53.43214511830015
646,-2.137122852884665,53.432245721559866
647,-2.1382878861247123,53.43164387119385
648,-2.1381113681429187,53.431550990721725
649,-2.138056047094801,53.431562128644345
650,-2.137024016406872,53.43214432788454
651,-2.1371240743707354,53.43224644822479
652,-2.138290700959993,53.431643966802696
653,-2.138116211873247,53.43154553806965
654,-2.1380533072570485,53.43156195204648
655,-2.1370231252375933,53.432143349160526
656,-2.1371254751365516,53.432246761211786
657,-2.1371174452459387,53.432249062518316
658,-2.138293244733362,53.431644017783285
659,-2.1381201584494685,53.431541902137056
660,-2.138050267569611,53.43156213533643
661,-2.1370195651371744,53.43214085444462
662,-2.1371268748878567,53.43224675960191
663,-2.1371081831937833,53.43225199443733
664,-2.1382975339113535,53.4316439139345
665,-2.1381247070585503,53.43153826550686
666,-2.138046328216194,53.431563362335886
667,-2.137016520074713,53.432139383827504
668,-2.1371282739724617,53.43224655125691
669,-2.1370697670032652,53.43226424501285
670,-2.138301732287094,53.43164365738609
671,-2.1381289575990396,53.43153553706201
672,-2.1380418621357653,53.43155996984751
673,-2.1380366046151202,53.431567777966976
674,-2.1370138532292327,53.43213851500623
675,-2.1371368265916946,53.43224299095625
676,-2.1370769942278605,53.432274411703304
677,-2.138303703337865,53.431643466340866
678,-2.1381365446944565,53.43153134861163
679,-2.1380391614400085,53.4315579415696
680,-2.1379786072972364,53.431598343136415
681,-2.137008399651501,53.432136939294544
682,-2.137212338100528,53.43223830195791
683,-2.138305854794479,53.4316432121667
684,-2.1381614559335387,53.431518070673434
685,-2.1380370025749165,53.43155591266429
686,-2.137936715476615,53.43161996404895
687,-2.138307825026627,53.43164276944389
688,-2.1382334158974943,53.43150006416206
689,-2.138035385190281,53.43155377526987
690,-2.1378553833313316,53.43156519221093
691,-2.1378170659319067,53.43168197037274
692,-2.138310125734802,53.43164212859032
693,-2.138034672256914,53.4315520682771
694,-2.137864143696449,53.431560777708405
695,-2.137834145325045,53.431550898058305
696,-2.13772148312288,53.43161868481373
697,-2.1377922739356037,53.43169495147979
698,-2.138313658860453,53.43164094699601
699,-2.138034301991708,53.431549282265614
700,-2.1378666823936574,53.43155926470206
701,-2.137781978518169,53.43152755225767
702,-2.1376918190342264,53.431572598997235
703,-2.137765288890235,53.43170929238168
704,-2.1383222996637503,53.43163680225411
705,-2.138034828562242,53.43154458066179
706,-2.1378680936469663,53.43155817545967
707,-2.1376932703115346,53.431746552079794
708,-2.1377647740728833,53.431708340193815
709,-2.1383332375175867,53.43163089309724
710,-2.1380440318459164,53.43150970355019
711,-2.1378689042069436,53.43155750038363
712,-2.1376083611388297,53.43179100843726
713,-2.137654472334971,53.43171971222818
714,-2.1377644851063904,53.431707414710516
715,-2.138334228945186,53.43163029870485
716,-2.1380513138107973,53.431481066693024
717,-2.137869413400286,53.43155671779387
718,-2.1375195405212497,53.43183607147617
719,-2.1376504592511782,53.431716768628085
720,-2.1377644822816975,53.43170654282769
721,-2.13833487437818,53.431629758644995
722,-2.1380533161398363,53.43147196799559
723,-2.137869712056636,53.43155598937867
724,-2.137482034015579,53.43185487376435
725,-2.1374276141648485,53.431772466868146
726,-2.137649040669863,53.4317155927702
727,-2.1377646747692274,53.431705562857005
728,-2.1383352938726574,53.43162916491619
729,-2.1380543125440554,53.4314636344868
730,-2.1378697093172336,53.43155514446129
731,-2.1374311842469207,53.43188050471722
732,-2.137415755761541,53.43176369875585
733,-2.137647787094708,53.43171425492853
734,-2.1377651539518165,53.43170480726794
735,-2.13833545720992,53.43162848159941
736,-2.138054538591217,53.43145908603559
737,-2.1378694964488623,53.43155447955719
738,-2.1373716641495153,53.43191052304574
739,-2.1374096149920323,53.43175904978187
740,-2.1376469404618126,53.43171308739884
741,-2.137766415053018,53.43170382606247
742,-2.138335455133814,53.43162784341713
743,-2.138054285988953,53.431455454967285
744,-2.137868892054555,53.431553752186254
745,-2.137323955171178,53.43193468520571
746,-2.137448880427175,53.43173497821778
747,-2.137408423268372,53.43175821522332
748,-2.1376460930142853,53.431711668191625
749,-2.137768248059115,53.431702835207616
750,-2.138335287644346,53.431627250369374
751,-2.1380532526706832,53.4314524180451
752,-2.1378680769484584,53.431553025058946
753,-2.1373060881169192,53.43194355048312
754,-2.137264796461535,53.431894862295195
755,-2.1374514412355916,53.431707704107076
756,-2.1374073831576417,53.431757722053646
757,-2.137645516453911,53.431710239683156
758,-2.1377697962629623,53.43170220422248
759,-2.138334623008339,53.43162651408216
760,-2.138051465382349,53.43144894155858
761,-2.1378664473483253,53.43155175956247
762,-2.137282605335559,53.431956556941465
763,-2.13721533676844,53.43186158082142
764,-2.1374063438311515,53.43175747157299
765,-2.1376450885404608,53.43170823573802
766,-2.137771450347233,53.4317017349083
767,-2.138333626931588,53.431625679305824
768,-2.13804916782593,53.431445915088695
769,-2.1378540451337136,53.431542389891554
770,-2.1372217752133293,53.431986459852496
771,-2.137253281029103,53.43183847261389
772,-2.1372136791332754,53.43186095353302
773,-2.137404462059993,53.43175734790243
774,-2.13764467320485,53.43170546775447
775,-2.1377726087129303,53.431701562787964
776,-2.1383285123771416,53.431621901074365
777,-2.1380450893435508,53.431441371621446
778,-2.1378270727554023,53.4315095231038
779,-2.137177146532056,53.43201373742319
780,-2.1372560986981317,53.4318068028278
781,-2.137211857097845,53.43186068597445
782,-2.1374019501834542,53.43175785415417
783,-2.1376442422946855,53.43170253799561
784,-2.1377740686498687,53.43170156110094
785,-2.1383390348448366,53.43158083831045
786,-2.1380358495698797,53.431432546607134
787,-2.137140004479818,53.43203363578289
788,-2.1372098845529104,53.43186041858905
789,-2.137400281535753,53.431758476284806
790,-2.1376436641342687,53.43170061512058
791,-2.1377754237838693,53.43170173031681
792,-2.138030849873802,53.43143168050931
793,-2.1380649637222113,53.431438966651726
794,-2.1371027116025845,53.43204877937954
795,-2.137208078438579,53.431860420667576
796,-2.1373977871206025,53.43175972856318
797,-2.137642815057788,53.43169869255833
798,-2.137776674144067,53.431702079424056
799,-2.1380264827200066,53.43143093951823
800,-2.1381113397690297,53.43144957332039
801,-2.1370996875938584,53.43204916936308
802,-2.13706688778861,53.43206208761842
803,-2.1372061073438244,53.431860602706244
804,-2.137381094939924,53.4317688441766
805,-2.13764239066505,53.431697776219565
806,-2.137777941040475,53.431702886926516
807,-2.1380227493337576,53.43143070115026
808,-2.138151072824606,53.43145846187339
809,-2.137096587257719,53.432049226859256
810,-2.137027440332907,53.4320765415527
811,-2.137027440332907,53.4320765415527
812,-2.1372049041376773,53.43186087374637
813,-2.1373312372499202,53.43177076223839
814,-2.1376415582397814,53.431696348006476
815,-2.137782029211502,53.431705776504465
816,-2.1380198294784734,53.43143070453037
817,-2.138173095772002,53.43146418001523
818,-2.1370935159223947,53.43204894275838
819,-2.136992750939237,53.432086927197844
820,-2.136992750939237,53.432086927197844
821,-2.1372032355120636,53.43186150486272
822,-2.1376404253785752,53.43169509991052
823,-2.137787171674132,53.43170888957679
824,-2.1380169258701005,53.4314310764208
825,-2.137090594083047,53.432048343887466
826,-2.1369562759269183,53.432099013713525
827,-2.1369562759269183,53.432099013713525
828,-2.1371906878019433,53.43186766744667
829,-2.137638313103779,53.43169351138158
830,-2.137792614980754,53.431711948370115
831,-2.13801442866247,53.43143145682923
832,-2.1370878969948333,53.43204743016003
833,-2.1369260088986333,53.43210858529276
834,-2.1369260088986333,53.43210858529276
835,-2.1371358651555488,53.43186087227915
836,-2.137615397418034,53.43167704390615
837,-2.1380127746788866,53.431431953112245
838,-2.137085515108794,53.43204624641463
839,-2.136891657410063,53.432116417781934
840,-2.136891657410063,53.432116417781934
841,-2.1376058645179197,53.43167064609673
842,-2.1380108953416594,53.43143257549532
843,-2.1370835388179907,53.43204481951292
844,-2.1368618047389414,53.43207703741272
845,-2.1368415029951824,53.4321291581525
846,-2.1368415029951824,53.4321291581525
847,-2.1376010226545428,53.431667397841935
848,-2.138008415985174,53.4314338187806
849,-2.137082670993849,53.432044078958164
850,-2.136856865029242,53.43207144323769
851,-2.1367805176330026,53.43214372660827
852,-2.1367805176330026,53.43214372660827
853,-2.1375998014969086,53.43166677005511
854,-2.1380046755699795,53.43143605226233
855,-2.1370671327123825,53.43202600743449
856,-2.136846456146539,53.432054745534565
857,-2.136685305896047,53.43216762840119
858,-2.136685305896047,53.43216762840119
859,-2.1375987465680004,53.43166634881233
860,-2.137962296898929,53.431437458573754
861,-2.137902181150346,53.43146449367104
862,-2.1370549208965515,53.43201499256406
863,-2.136831539816203,53.4320358148632
864,-2.1366461115122957,53.43217659892458
865,-2.1366461115122957,53.43217659892458
866,-2.1375975262829887,53.43166599067998
867,-2.13704606786529,53.43200471987846
868,-2.1368283127383183,53.4320339040129
869,-2.136620580598531,53.43217997191083
870,-2.136620580598531,53.43217997191083
871,-2.13759647219759,53.431665830103185
872,-2.1370376188110036,53.43199370068106
873,-2.1368238807987283,53.43203175185527
874,-2.1368387442290273,53.43202956856479
875,-2.13660251931929,53.43217999260579
876,-2.13660251931929,53.43217999260579
877,-2.1375954184903017,53.43166578637664
878,-2.1370194105073153,53.43197609512846
879,-2.1368186565352794,53.43203127247067
880,-2.1368632148753366,53.43201947333909
881,-2.1365875830027092,53.43217824796898
882,-2.1365875830027092,53.43217824796898
883,-2.1375943649284386,53.43166578759252
884,-2.137014685933829,53.43197187595555
885,-2.1368106192941383,53.43203128169356
886,-2.136850273108472,53.43197805113662
887,-2.13759332656288,53.43166583373342
888,-2.13700946328843,53.43196722590604
889,-2.137041084674558,53.43194827772657
890,-2.1368009928339458,53.4320332162818
891,-2.1375753955350882,53.43166882962422
892,-2.1370011753022844,53.4319594783407
893,-2.1370636722302447,53.43192834219907
894,-2.1367660648011113,53.43204428526218
895,-2.1376411916077482,53.431634228792745
896,-2.1375265794472873,53.43167166339439
897,-2.1369990188698322,53.43195819546083
898,-2.137060697307215,53.43188792426262
899,-2.1367149297545778,53.43201416047303
900,-2.1376467537685424,53.43159961658288
901,-2.136996848863426,53.43195737101081
902,-2.1369946815212755,53.431957373501184
903,-2.136991928348941,53.431957736205256
904,-2.1369874025190407,53.431959143613874
905,-2.136980338776032,53.43196232467577
906,-2.136910390264617,53.43195101657012
